﻿Designator,Footprint,Quantity,Value,LCSC Part #
Boot1,SW_SPST_PTS810,1,SW_Push,C116501
C1,0603,1,22uF,C59461
C10,0402,1,10uF,C15525 
C11,0805,1,22uF,C13585
"C12, C16, C19, C21, C23, C25, C26, C29, C31, C33, C39, C42, C47",0402,13,100nF,C1525
C13,0402,1,10nF,C15195
"C14, C35",0402,2,2.2uF,C12530
"C15, C17, C2, C20, C22, C34, C44",0402,7,1uF,C52923
C18,1206,1,10uF,C13585
"C24, C27, C3, C4, C43, C5, C6, C7, C8, C9",0402,10,100nF,C307331
"C28, C30, C36, C38, C45, C46",0805,6,22uF,C45783
C37,0402,1,15pF,C1548
"C40, C41",0402,2,10uF,C1525
"D1, D2, D4",LED_WS2812B_PLCC4_5.0x5.0mm_P3.2mm,3,WS2812B,C114586
D3,SOT-23,1,PMEG2005CT,C282562
"H1, H2, H3, H4",MountingHole_3.2mm_M3_ISO14580_Pad_TopOnly,4,MountingHole_Pad,
"J1, J4",PinSocket_2x09_P2.54mm_Vertical,2,Conn_02x09_Top_Bottom,
J10,JST_XH_B4B-XH-A_1x04_P2.50mm_Vertical,1,JST_XH,
J11,PinSocket_2x20_P2.54mm_Vertical,1,Conn_02x20_Counter_Clockwise,
J12,JST_XH_B2B-XH-A_1x02_P2.50mm_Vertical,1,Conn_01x02_Socket,C163035
"J2, J3",PinSocket_1x09_P2.54mm_Vertical,2,Conn_01x09,
"J5, J9",USB_C_Receptacle_G-Switch_GT-USB-7010ASV,2,USB_C_Receptacle_USB2.0,C2988369
"J6, J7",PinSocket_1x08_P2.54mm_Vertical,2,Conn_01x08,
J8,JST_XH_B4B-XH-A_1x04_P2.50mm_Vertical,1,JST-XH,
L1,1008,1,2.2uH,C602016
MOSFET1,DFN8_3x3_EP_AOS,1,AONR21321,C541711
"P1, P2, P3, P4, P5, P6",CONN_B6B-ZR_JST,6,B6B-ZRLFSN,
"Q1, Q2",SOT-23,2,BSS138,C52895
"R1, R19, R23, R25",0402,4,1K,C11702
"R10, R5, R6, R9",0402,4,5K,C25905
"R11, R12, R13, R14, R3, R7, R8",0402,7,2.2k,C25879
"R15, R16",0402,2,33,C25105
R17,0603,1,220K,C22961
R18,0603,1,30K,C22984
R2,0402,1,10k,C25744
R20,0402,1,33.2K,C25779
R21,0402,1,100K,C25741
R24,0402,1,27,C25105
R4,0402,1,22k,C25768
RST1,SW_SPST_PTS645,1,SW_Push,C221871
SW1,1825232-1_TEC,1,CAS-120A1,
SWD1,PinHeader_1x03_P2.54mm_Vertical,1,Conn_01x03,
TP1,TestPoint_2Pads_Pitch2.54mm_Drill0.8mm,1,TestPoint_2Pole,
TP2,TestPoint_Pad_D1.5mm,1,TestPoint,
U1,ESP32-S3-WROOM-1,1,ESP32-S3-WROOM-1-N8R2,C2913204
"U10, U11, U9",WSON-12-1EP_3x2mm_P0.5mm_EP1x2.65_ThermalVias,3,DRV8835DSSR,C129328
U2,SOT-223-3_TabPin2,1,AMS1117-3.3,C347222
U3,LGA14_2P5X3X0P91_TDK,1,ICM-42688-P,C1850418
U4,LGA-12_2x2mm_P0.5mm,1,LIS3MDL,C478483
U5,SOT-353_SC-70-5,1,MIC5366-1.8YC5-TR,C3021118
U6,QFN-56-1EP_7x7mm_P0.4mm_EP3.2x3.2mm,1,RP2040,C2040
U7,SOIC-8_5.23x5.23mm_P1.27mm,1,W25Q16JVS,
U8,SOT-563,1,TPS566242DRLR,
Y1,Oscillator_SMD_Abracon_ASE-4Pin_3.2x2.5mm,1,ABM8-272-T3,C5290451
